[
    {
        "pk": 88,
        "model": "KB.gezin",
        "fields": {
            "inthuisnummer": 20,
            "txttelefoon": "030-2046215",
            "txtgezinsnaam": "Br\u00f6ls, C. (Chris)",
            "txtplaats": "Dalfsen",
            "idland": 149,
            "txthuisnummertoevoeging": "",
            "txtopmerking": "",
            "txtstraatnaam": "Harkeweg",
            "txtpostcode": "7715AB"
        }
    },
    {
        "pk": 95,
        "model": "KB.gezin",
        "fields": {
            "inthuisnummer": 4,
            "txttelefoon": "030-2165451",
            "txtgezinsnaam": "Vranken, C. (Carmen)",
            "txtplaats": "Utrecht",
            "idland": 149,
            "txthuisnummertoevoeging": "",
            "txtopmerking": "",
            "txtstraatnaam": "Jasperstraat",
            "txtpostcode": "3145DA"
        }
    },
    {
        "pk": 119,
        "model": "KB.gezin",
        "fields": {
            "inthuisnummer": 107,
            "txttelefoon": "030-2625619",
            "txtgezinsnaam": "Fober, E. (Els)",
            "txtplaats": "Utrecht",
            "idland": 149,
            "txthuisnummertoevoeging": "-IV",
            "txtopmerking": "",
            "txtstraatnaam": "Korfoedreef",
            "txtpostcode": "3562SG"
        }
    },
    {
        "pk": 131,
        "model": "KB.gezin",
        "fields": {
            "inthuisnummer": 2,
            "txttelefoon": "030-2154567",
            "txtgezinsnaam": "Disseldorp van, J. (Joke)",
            "txtplaats": "Utrecht",
            "idland": 149,
            "txthuisnummertoevoeging": "bis",
            "txtopmerking": "",
            "txtstraatnaam": "Volstraat",
            "txtpostcode": "3145JT"
        }
    },
    {
        "pk": 207,
        "model": "KB.gezin",
        "fields": {
            "inthuisnummer": 3,
            "txttelefoon": "030-2932353",
            "txtgezinsnaam": "Kuiten-Brouwers, E. (Els)",
            "txtplaats": "Utrecht",
            "idland": 149,
            "txthuisnummertoevoeging": "",
            "txtopmerking": "",
            "txtstraatnaam": "Stoelstraat",
            "txtpostcode": "3235ST"
        }
    },
    {
        "pk": 215,
        "model": "KB.gezin",
        "fields": {
            "inthuisnummer": 49,
            "txttelefoon": "030-2434367",
            "txtgezinsnaam": "Hoekstra, F. (Froukje)",
            "txtplaats": "Utrecht",
            "idland": 149,
            "txthuisnummertoevoeging": "",
            "txtopmerking": "",
            "txtstraatnaam": "W.J. Bossenbroekstraat",
            "txtpostcode": "3555TA"
        }
    },
    {
        "pk": 410,
        "model": "KB.gezin",
        "fields": {
            "inthuisnummer": 41,
            "txttelefoon": "030-2415654",
            "txtgezinsnaam": "Beckers, G. (Gert)",
            "txtplaats": "Utrecht",
            "idland": 149,
            "txthuisnummertoevoeging": "",
            "txtopmerking": "",
            "txtstraatnaam": "Brachstraat",
            "txtpostcode": "3452DS"
        }
    },
    {
        "pk": 417,
        "model": "KB.gezin",
        "fields": {
            "inthuisnummer": 17,
            "txttelefoon": "030-2045624",
            "txtgezinsnaam": "Claessen, J. (Johan)",
            "txtplaats": "Eindhoven",
            "idland": 149,
            "txthuisnummertoevoeging": "",
            "txtopmerking": "",
            "txtstraatnaam": "Straatweg",
            "txtpostcode": "5276WC"
        }
    },
    {
        "pk": 867,
        "model": "KB.gezin",
        "fields": {
            "inthuisnummer": 20,
            "txttelefoon": "-",
            "txtgezinsnaam": "Meurders, I. (Ivonne)",
            "txtplaats": "Nieuwegein",
            "idland": 149,
            "txthuisnummertoevoeging": "",
            "txtopmerking": "",
            "txtstraatnaam": "Zevendrift",
            "txtpostcode": "3643CO"
        }
    },
    {
        "pk": 922,
        "model": "KB.gezin",
        "fields": {
            "inthuisnummer": 21,
            "txttelefoon": "-",
            "txtgezinsnaam": "Janssen, D. (Dorieke)",
            "txtplaats": "Utrecht",
            "idland": 149,
            "txthuisnummertoevoeging": "a",
            "txtopmerking": "",
            "txtstraatnaam": "Kanaalstraat",
            "txtpostcode": "3351CD"
        }
    },
    {
        "pk": 926,
        "model": "KB.gezin",
        "fields": {
            "inthuisnummer": 999,
            "txttelefoon": "-",
            "txtgezinsnaam": "Coolen, M. (Maria)",
            "txtplaats": "Utrecht",
            "idland": 149,
            "txthuisnummertoevoeging": "",
            "txtopmerking": "",
            "txtstraatnaam": "Dommeringdreef",
            "txtpostcode": "3555AB"
        }
    },
    {
        "pk": 941,
        "model": "KB.gezin",
        "fields": {
            "inthuisnummer": 204,
            "txttelefoon": "-",
            "txtgezinsnaam": "Es van, M. (Martin)",
            "txtplaats": "Utrecht",
            "idland": 149,
            "txthuisnummertoevoeging": "",
            "txtopmerking": "",
            "txtstraatnaam": "Achterdreef",
            "txtpostcode": "3615RH"
        }
    },
    {
        "pk": 708,
        "model": "KB.gezin",
        "fields": {
            "inthuisnummer": 999,
            "txttelefoon": "-",
            "txtgezinsnaam": "Gastel van, N. (Nico)",
            "txtplaats": "Utrecht",
            "idland": 149,
            "txthuisnummertoevoeging": "",
            "txtopmerking": "",
            "txtstraatnaam": "Tannhauserdreef",
            "txtpostcode": "3555AB"
        }
    },
    {
        "pk": 720,
        "model": "KB.gezin",
        "fields": {
            "inthuisnummer": 49,
            "txttelefoon": "-",
            "txtgezinsnaam": "Notermans, H. (Henk)",
            "txtplaats": "Utrecht",
            "idland": 149,
            "txthuisnummertoevoeging": "",
            "txtopmerking": "",
            "txtstraatnaam": "Bakkerstraat",
            "txtpostcode": "3815AW"
        }
    },
    {
        "pk": 819,
        "model": "KB.gezin",
        "fields": {
            "inthuisnummer": 24,
            "txttelefoon": "-",
            "txtgezinsnaam": "Beenkens, M. (Maria)",
            "txtplaats": "Utrecht",
            "idland": 149,
            "txthuisnummertoevoeging": "",
            "txtopmerking": "",
            "txtstraatnaam": "Mariadreef",
            "txtpostcode": "3156LT"
        }
    },
    {
        "pk": 1006,
        "model": "KB.gezin",
        "fields": {
            "inthuisnummer": 12,
            "txttelefoon": "",
            "txtgezinsnaam": "Damen, B. (Bert)",
            "txtplaats": "Utrecht",
            "idland": 149,
            "txthuisnummertoevoeging": "",
            "txtopmerking": "",
            "txtstraatnaam": "Hoofdstraat`",
            "txtpostcode": "3214SB"
        }
    },
    {
        "pk": 1,
        "model": "KB.attestatie",
        "fields": {
            "txtcode": "Doop",
            "txtbeschrijving": "<p>aan:<br>\r\n%s %s<br>\r\n%s<br>\r\n%s %s<br>\r\n%s\r\n</p>\r\n<p>\r\nUtrecht, %s\r\n</p>\r\n<center><h1>DOOPATTESTATIE</h1></center>\r\n<p>De raad van de Gereformeerde Kerk van Utrecht-Noord/West verklaart dat\r\n<table border=\"0\">\r\n<tr><td>%s</td><td><strong>%s %s (%s)</strong></td></tr>\r\n<tr><td>geboren</td><td>%s te %s</td></tr>\r\n<tr><td>gedoopt</td><td>%s in de %s</td></tr>\r\n</table>\r\n<p>tot op heden dooplid was van onze gemeente.</p>\r\n<p>De kerkenraad beveelt deze %s aan in de herderlijke zorgen van de opzieners van de %s.</p>\r\n<p>\r\nNieuw adres:<br>\r\n<strong>[INVULLEN]</strong>\r\n</p>\r\n<p>\r\nNamens de kerkenraad van Utrecht-Noord/West,<br>\r\n<br>\r\n<br>\r\n<br>\r\nds. J.P. Kruiger, preses\tW.F.Z. de Weger, scriba\r\n</p>\r\n<p>\r\n<small>Deze attestatie zo spoedig mogelijk inleveren bij het kerkelijk bureau.</small>\r\n</p>"
        }
    },
    {
        "pk": 2,
        "model": "KB.attestatie",
        "fields": {
            "txtcode": "Verblijfs",
            "txtbeschrijving": "<p>aan:<br>\r\n%s %s<br>\r\n%s<br>\r\n%s %s<br>\r\n%s\r\n</p>\r\n<p>\r\nUtrecht, %s\r\n</p>\r\n<center><h1>VERBLIJFSATTESTATIE</h1></center>\r\n<p>De raad van de Gereformeerde Kerk van Utrecht-Noord/West verklaart dat\r\n<table border=\"0\">\r\n<tr><td>%s</td><td><strong>%s %s (%s)</strong></td></tr>\r\n<tr><td>geboren</td><td>%s te %s</td></tr>\r\n<tr><td>gedoopt</td><td>%s in de %s</td></tr>\r\n<tr><td>belijdenis afgelegd</td><td>%s in de %s</td></tr>\r\n</table>\r\n<p>tot op heden belijdend lid was van onze gemeente.</p>\r\n<p>%s heeft te kennen gegeven gastlid te willen worden van uw gemeente.</p>\r\n<p>De kerkenraad beveelt deze %s aan de %s aan en verzoekt de ambtsdragers deze %s onder hun christelijk opzicht en bestuur aan te nemen, tot het gebruik van de heilige sacramenten toe te laten en in alle voorkomende gevallen met christelijke raad en daad bij te staan.</p>\r\n<p>\r\nNieuw adres:<br>\r\n<strong>[INVULLEN]</strong>\r\n</p>\r\n<p>\r\nNamens de kerkenraad van Utrecht-Noord/West,<br>\r\n<br>\r\n<br>\r\n<br>\r\nds. J.P. Kruiger, preses\tW.F.Z. de Weger, scriba\r\n</p>\r\n<p>\r\n<small>Deze attestatie zo spoedig mogelijk inleveren bij het kerkelijk bureau.</small>\r\n</p>"
        }
    },
    {
        "pk": 3,
        "model": "KB.attestatie",
        "fields": {
            "txtcode": "Belijdenis",
            "txtbeschrijving": "<p>aan:<br>\r\n%s %s<br>\r\n%s<br>\r\n%s %s<br>\r\n%s\r\n</p>\r\n<p>\r\nUtrecht, %s\r\n</p>\r\n<center><h1>BELIJDENISATTESTATIE</h1></center>\r\n<p>De raad van de Gereformeerde Kerk van Utrecht-Noord/West verklaart dat\r\n<table border=\"0\">\r\n<tr><td>%s</td><td><strong>%s %s (%s)</strong></td></tr>\r\n<tr><td>geboren</td><td>%s te %s</td></tr>\r\n<tr><td>gedoopt</td><td>%s in de %s</td></tr>\r\n<tr><td>belijdenis afgelegd</td><td>%s in de %s</td></tr>\r\n</table>\r\n<p>tot op heden belijdend lid was van onze gemeente.</p>\r\n<p>De kerkenraad beveelt deze %s aan de %s aan en verzoekt de ambtsdragers deze %s onder hun christelijk opzicht en bestuur aan te nemen, tot het gebruik van de heilige sacramenten toe te laten en in alle voorkomende gevallen met christelijke raad en daad bij te staan.</p>\r\n<p><strong>[INVULLEN EVENTUELE AANVULLENDE GEGEVENS]</strong></p>\r\n<p>\r\nNieuw adres:<br>\r\n<strong>[INVULLEN]</strong>\r\n</p>\r\n<p>\r\nNamens de kerkenraad van Utrecht-Noord/West,<br>\r\n<br>\r\n<br>\r\n<br>\r\nds. J.P. Kruiger, preses\tW.F.Z. de Weger, scriba\r\n</p>\r\n<p>\r\n<small>Deze attestatie zo spoedig mogelijk inleveren bij het kerkelijk bureau.</small>\r\n</p>"
        }
    },
    {
        "pk": 4,
        "model": "KB.attestatie",
        "fields": {
            "txtcode": "Gezins",
            "txtbeschrijving": "<p>aan:<br>\r\nFam. %s<br>\r\n%s<br>\r\n%s %s<br>\r\n%s\r\n</p>\r\n<p>\r\nUtrecht, %s\r\n</p>\r\n<center><h1>GEZINSATTESTATIE</h1></center>\r\n<p>De raad van de Gereformeerde Kerk van Utrecht-Noord/West verklaart dat\r\n<table border=\"0\">\r\n<tr><td>%s</td><td><strong>%s %s (%s)</strong></td></tr>\r\n<tr><td>geboren</td><td>%s te %s</td></tr>\r\n<tr><td>gedoopt</td><td>%s in de %s</td></tr>\r\n<tr><td>belijdenis afgelegd</td><td>%s in de %s</td></tr>\r\n</table>\r\n<p>en %s</p>\r\n<table border=\"0\">\r\n<tr><td>%s</td><td><strong>%s %s (%s)</strong></td></tr>\r\n<tr><td>geboren</td><td>%s te %s</td></tr>\r\n<tr><td>gedoopt</td><td>%s in de %s</td></tr>\r\n<tr><td>belijdenis afgelegd</td><td>%s in de %s</td></tr>\r\n</table>\r\n<p>tot de sacramenten zijn toegelaten en - zover hem bekend - gezond zijn in de leer en \r\nonbesproken in de wandel.</p>\r\n<p>De kerkenraad beveelt deze broeder en zuster en <strong>[INVULLEN KINDEREN]</strong> aan de \r\n%s aan en verzoekt de ambtsdragers dit gezin onder hun \r\nchristelijk opzicht en bestuur aan te nemen, tot het gebruik van de heilige sacramenten \r\ntoe te laten en in alle voorkomende gevallen met christelijke raad en daad bij te staan.</p>\r\n<p>\r\nAdres:<br>\r\n<strong>[INVULLEN]</strong>\r\n</p>\r\n<p>\r\nNamens de kerkenraad van Utrecht-Noord/West,<br>\r\n<br>\r\n<br>\r\n<br>\r\nds. J.P. Kruiger, preses\tW.F.Z. de Weger, scriba\r\n</p>\r\n<p>\r\n<small>Deze attestatie zo spoedig mogelijk inleveren bij het kerkelijk bureau.</small>\r\n</p>\r\n"
        }
    },
    {
        "pk": 6,
        "model": "KB.attestatie",
        "fields": {
            "txtcode": "Kerkelijke gegevens",
            "txtbeschrijving": "<p>aan:<br>\r\n%s %s<br>\r\n%s<br>\r\n%s %s<br>\r\n%s\r\n</p>\r\n<p>\r\nUtrecht, %s\r\n</p>\r\n<center><h1>KERKELIJKE GEGEVENS</h1></center>\r\n<p>De raad van de Gereformeerde Kerk van Utrecht-Noord/West verklaart dat\r\n<table border=\"0\">\r\n<tr><td>%s</td><td><strong>%s %s (%s)</strong></td></tr>\r\n<tr><td>geboren</td><td>%s te %s</td></tr>\r\n<tr><td>gedoopt</td><td>%s in de %s</td></tr>\r\n<tr><td>belijdenis afgelegd</td><td>%s in de %s</td></tr>\r\n</table>\r\n<p>tot op heden %s was van onze gemeente.</p>\r\n<p>\r\nNamens de kerkenraad van Utrecht-Noord/West,<br>\r\n<br>\r\n<br>\r\n<br>\r\nds. J.P. Kruiger, preses\tW.F.Z. de Weger, scriba\r\n</p>\r\n<p>\r\n<small>Deze attestatie zo spoedig mogelijk inleveren bij het kerkelijk bureau.</small>\r\n</p>"
        }
    },
    {
        "pk": 595,
        "model": "KB.persoon",
        "fields": {
            "idbelijdenisgemeente": 153,
            "idgezin": 410,
            "dtmdatumhuwelijksbevestiging": "1998-05-15",
            "idhuwelijksgemeente": 40,
            "dtmoverlijdensdatum": null,
            "idhuiskringlidrol": null,
            "dtmhuwelijksdatum": "1998-05-15",
            "idgeslacht": 2,
            "txttussenvoegsels": "",
            "boolaansprekenmetroepnaam": true,
            "txtemailadres": "",
            "txtdoopnaam": "",
            "txtachternaam": "Beckers",
            "dtmgeboortedatum": "1972-12-25",
            "idgezinsrol": 1,
            "boolgastlidelders": false,
            "txtvoorletters": "H.",
            "dtmdatumvertrek": null,
            "dtmdatumonttrokken": null,
            "idgasthoofdgemeente": null,
            "idvertrokkennaargemeente": null,
            "idlidmaatschapvorm": 2,
            "idgastgemeente": null,
            "dtmdatumbelijdenis": "1992-06-07",
            "idbinnengekomenuitgemeente": 375,
            "dtmdatumdoop": "1973-12-23",
            "txtroepnaam": "Henri\u00ebtte",
            "idlidmaatschapstatus": 1,
            "idwijk": 4,
            "txtgeboorteplaats": "Steenwijk",
            "idhuiskring": 9,
            "iddoopgemeente": 153,
            "txttelefoonnummer": "06-20457865",
            "boolgeborennw": false,
            "boolgastlidnw": false,
            "dtmdatumbinnenkomst": "2001-05-20",
            "txtopmerking": ""
        }
    },
    {
        "pk": 686,
        "model": "KB.persoon",
        "fields": {
            "idbelijdenisgemeente": 113,
            "idgezin": 410,
            "dtmdatumhuwelijksbevestiging": null,
            "idhuwelijksgemeente": null,
            "dtmoverlijdensdatum": null,
            "idhuiskringlidrol": null,
            "dtmhuwelijksdatum": null,
            "idgeslacht": 1,
            "txttussenvoegsels": "",
            "boolaansprekenmetroepnaam": true,
            "txtemailadres": "",
            "txtdoopnaam": "",
            "txtachternaam": "Beckers",
            "dtmgeboortedatum": "1982-09-26",
            "idgezinsrol": 1,
            "boolgastlidelders": true,
            "txtvoorletters": "G.",
            "dtmdatumvertrek": null,
            "dtmdatumonttrokken": null,
            "idgasthoofdgemeente": null,
            "idvertrokkennaargemeente": null,
            "idlidmaatschapvorm": 2,
            "idgastgemeente": 113,
            "dtmdatumbelijdenis": "2000-05-21",
            "idbinnengekomenuitgemeente": 113,
            "dtmdatumdoop": "1981-09-27",
            "txtroepnaam": "Gert",
            "idlidmaatschapstatus": 1,
            "idwijk": 2,
            "txtgeboorteplaats": "Alphen a/d Rijn",
            "idhuiskring": 5,
            "iddoopgemeente": 113,
            "txttelefoonnummer": "06-12457845",
            "boolgeborennw": false,
            "boolgastlidnw": false,
            "dtmdatumbinnenkomst": "2003-01-12",
            "txtopmerking": ""
        }
    },
    {
        "pk": 1222,
        "model": "KB.persoon",
        "fields": {
            "idbelijdenisgemeente": 157,
            "idgezin": 819,
            "dtmdatumhuwelijksbevestiging": null,
            "idhuwelijksgemeente": null,
            "dtmoverlijdensdatum": null,
            "idhuiskringlidrol": null,
            "dtmhuwelijksdatum": null,
            "idgeslacht": 2,
            "txttussenvoegsels": "",
            "boolaansprekenmetroepnaam": true,
            "txtemailadres": "",
            "txtdoopnaam": "",
            "txtachternaam": "Beenkens",
            "dtmgeboortedatum": "1990-04-17",
            "idgezinsrol": 1,
            "boolgastlidelders": false,
            "txtvoorletters": "M.",
            "dtmdatumvertrek": null,
            "dtmdatumonttrokken": null,
            "idgasthoofdgemeente": null,
            "idvertrokkennaargemeente": null,
            "idlidmaatschapvorm": 1,
            "idgastgemeente": null,
            "dtmdatumbelijdenis": "2011-02-27",
            "idbinnengekomenuitgemeente": 439,
            "dtmdatumdoop": "1989-04-30",
            "txtroepnaam": "Maria",
            "idlidmaatschapstatus": 1,
            "idwijk": 8,
            "txtgeboorteplaats": "Brouwershaven",
            "idhuiskring": 22,
            "iddoopgemeente": null,
            "txttelefoonnummer": "06-45564512",
            "boolgeborennw": false,
            "boolgastlidnw": false,
            "dtmdatumbinnenkomst": "2008-11-25",
            "txtopmerking": ""
        }
    },
    {
        "pk": 277,
        "model": "KB.persoon",
        "fields": {
            "idbelijdenisgemeente": null,
            "idgezin": 88,
            "dtmdatumhuwelijksbevestiging": null,
            "idhuwelijksgemeente": null,
            "dtmoverlijdensdatum": null,
            "idhuiskringlidrol": null,
            "dtmhuwelijksdatum": null,
            "idgeslacht": 1,
            "txttussenvoegsels": "",
            "boolaansprekenmetroepnaam": true,
            "txtemailadres": "",
            "txtdoopnaam": "",
            "txtachternaam": "Br\u00f6ls",
            "dtmgeboortedatum": "1969-02-12",
            "idgezinsrol": 1,
            "boolgastlidelders": false,
            "txtvoorletters": "C.",
            "dtmdatumvertrek": null,
            "dtmdatumonttrokken": "2002-09-16",
            "idgasthoofdgemeente": null,
            "idvertrokkennaargemeente": null,
            "idlidmaatschapvorm": 1,
            "idgastgemeente": null,
            "dtmdatumbelijdenis": null,
            "idbinnengekomenuitgemeente": null,
            "dtmdatumdoop": "1972-06-18",
            "txtroepnaam": "Chris",
            "idlidmaatschapstatus": 3,
            "idwijk": 11,
            "txtgeboorteplaats": "Utrecht",
            "idhuiskring": null,
            "iddoopgemeente": 157,
            "txttelefoonnummer": "06-20468145",
            "boolgeborennw": false,
            "boolgastlidnw": false,
            "dtmdatumbinnenkomst": "1991-10-21",
            "txtopmerking": ""
        }
    },
    {
        "pk": 705,
        "model": "KB.persoon",
        "fields": {
            "idbelijdenisgemeente": null,
            "idgezin": 417,
            "dtmdatumhuwelijksbevestiging": null,
            "idhuwelijksgemeente": null,
            "dtmoverlijdensdatum": null,
            "idhuiskringlidrol": null,
            "dtmhuwelijksdatum": null,
            "idgeslacht": 1,
            "txttussenvoegsels": "",
            "boolaansprekenmetroepnaam": true,
            "txtemailadres": "",
            "txtdoopnaam": "",
            "txtachternaam": "Claessen",
            "dtmgeboortedatum": "2001-02-28",
            "idgezinsrol": 1,
            "boolgastlidelders": false,
            "txtvoorletters": "J.",
            "dtmdatumvertrek": "2005-04-02",
            "dtmdatumonttrokken": null,
            "idgasthoofdgemeente": null,
            "idvertrokkennaargemeente": 323,
            "idlidmaatschapvorm": 1,
            "idgastgemeente": null,
            "dtmdatumbelijdenis": null,
            "idbinnengekomenuitgemeente": 340,
            "dtmdatumdoop": "2003-03-16",
            "txtroepnaam": "Johan",
            "idlidmaatschapstatus": 2,
            "idwijk": 11,
            "txtgeboorteplaats": "Utrecht",
            "idhuiskring": null,
            "iddoopgemeente": 157,
            "txttelefoonnummer": "",
            "boolgeborennw": false,
            "boolgastlidnw": false,
            "dtmdatumbinnenkomst": "2003-02-28",
            "txtopmerking": ""
        }
    },
    {
        "pk": 1416,
        "model": "KB.persoon",
        "fields": {
            "idbelijdenisgemeente": 80,
            "idgezin": 926,
            "dtmdatumhuwelijksbevestiging": null,
            "idhuwelijksgemeente": null,
            "dtmoverlijdensdatum": null,
            "idhuiskringlidrol": null,
            "dtmhuwelijksdatum": null,
            "idgeslacht": 2,
            "txttussenvoegsels": "",
            "boolaansprekenmetroepnaam": true,
            "txtemailadres": "",
            "txtdoopnaam": "Maria",
            "txtachternaam": "Coolen",
            "dtmgeboortedatum": "1976-11-21",
            "idgezinsrol": 1,
            "boolgastlidelders": false,
            "txtvoorletters": "M.",
            "dtmdatumvertrek": null,
            "dtmdatumonttrokken": null,
            "idgasthoofdgemeente": null,
            "idvertrokkennaargemeente": null,
            "idlidmaatschapvorm": 2,
            "idgastgemeente": null,
            "dtmdatumbelijdenis": "1998-05-31",
            "idbinnengekomenuitgemeente": 40,
            "dtmdatumdoop": "1978-12-10",
            "txtroepnaam": "Maria",
            "idlidmaatschapstatus": 1,
            "idwijk": 8,
            "txtgeboorteplaats": "Uithuizermeeden",
            "idhuiskring": 22,
            "iddoopgemeente": 80,
            "txttelefoonnummer": "06-45126478",
            "boolgeborennw": false,
            "boolgastlidnw": false,
            "dtmdatumbinnenkomst": "2010-07-31",
            "txtopmerking": ""
        }
    },
    {
        "pk": 1546,
        "model": "KB.persoon",
        "fields": {
            "idbelijdenisgemeente": null,
            "idgezin": 1006,
            "dtmdatumhuwelijksbevestiging": null,
            "idhuwelijksgemeente": null,
            "dtmoverlijdensdatum": null,
            "idhuiskringlidrol": null,
            "dtmhuwelijksdatum": null,
            "idgeslacht": 1,
            "txttussenvoegsels": "",
            "boolaansprekenmetroepnaam": true,
            "txtemailadres": "",
            "txtdoopnaam": "",
            "txtachternaam": "Damen",
            "dtmgeboortedatum": "1962-10-02",
            "idgezinsrol": 1,
            "boolgastlidelders": false,
            "txtvoorletters": "B.",
            "dtmdatumvertrek": null,
            "dtmdatumonttrokken": null,
            "idgasthoofdgemeente": null,
            "idvertrokkennaargemeente": null,
            "idlidmaatschapvorm": 2,
            "idgastgemeente": null,
            "dtmdatumbelijdenis": null,
            "idbinnengekomenuitgemeente": null,
            "dtmdatumdoop": null,
            "txtroepnaam": "Bert",
            "idlidmaatschapstatus": 1,
            "idwijk": 8,
            "txtgeboorteplaats": "Meppel",
            "idhuiskring": 10,
            "iddoopgemeente": null,
            "txttelefoonnummer": "",
            "boolgeborennw": false,
            "boolgastlidnw": false,
            "dtmdatumbinnenkomst": null,
            "txtopmerking": ""
        }
    },
    {
        "pk": 1547,
        "model": "KB.persoon",
        "fields": {
            "idbelijdenisgemeente": null,
            "idgezin": 1006,
            "dtmdatumhuwelijksbevestiging": null,
            "idhuwelijksgemeente": null,
            "dtmoverlijdensdatum": null,
            "idhuiskringlidrol": null,
            "dtmhuwelijksdatum": null,
            "idgeslacht": 2,
            "txttussenvoegsels": "",
            "boolaansprekenmetroepnaam": true,
            "txtemailadres": "",
            "txtdoopnaam": "",
            "txtachternaam": "Damen",
            "dtmgeboortedatum": "1971-04-02",
            "idgezinsrol": 2,
            "boolgastlidelders": false,
            "txtvoorletters": "A.",
            "dtmdatumvertrek": null,
            "dtmdatumonttrokken": null,
            "idgasthoofdgemeente": null,
            "idvertrokkennaargemeente": null,
            "idlidmaatschapvorm": 1,
            "idgastgemeente": null,
            "dtmdatumbelijdenis": null,
            "idbinnengekomenuitgemeente": null,
            "dtmdatumdoop": null,
            "txtroepnaam": "Annet",
            "idlidmaatschapstatus": 1,
            "idwijk": null,
            "txtgeboorteplaats": "",
            "idhuiskring": null,
            "iddoopgemeente": null,
            "txttelefoonnummer": "",
            "boolgeborennw": false,
            "boolgastlidnw": false,
            "dtmdatumbinnenkomst": null,
            "txtopmerking": ""
        }
    },
    {
        "pk": 1548,
        "model": "KB.persoon",
        "fields": {
            "idbelijdenisgemeente": null,
            "idgezin": 1006,
            "dtmdatumhuwelijksbevestiging": null,
            "idhuwelijksgemeente": null,
            "dtmoverlijdensdatum": null,
            "idhuiskringlidrol": null,
            "dtmhuwelijksdatum": null,
            "idgeslacht": 1,
            "txttussenvoegsels": "",
            "boolaansprekenmetroepnaam": true,
            "txtemailadres": "",
            "txtdoopnaam": "",
            "txtachternaam": "Damen",
            "dtmgeboortedatum": "2004-10-10",
            "idgezinsrol": 3,
            "boolgastlidelders": false,
            "txtvoorletters": "J.",
            "dtmdatumvertrek": null,
            "dtmdatumonttrokken": null,
            "idgasthoofdgemeente": null,
            "idvertrokkennaargemeente": null,
            "idlidmaatschapvorm": 1,
            "idgastgemeente": null,
            "dtmdatumbelijdenis": null,
            "idbinnengekomenuitgemeente": null,
            "dtmdatumdoop": null,
            "txtroepnaam": "Joop",
            "idlidmaatschapstatus": 1,
            "idwijk": null,
            "txtgeboorteplaats": "Utrecht",
            "idhuiskring": null,
            "iddoopgemeente": null,
            "txttelefoonnummer": "",
            "boolgeborennw": false,
            "boolgastlidnw": false,
            "dtmdatumbinnenkomst": null,
            "txtopmerking": ""
        }
    },
    {
        "pk": 1549,
        "model": "KB.persoon",
        "fields": {
            "idbelijdenisgemeente": null,
            "idgezin": 1006,
            "dtmdatumhuwelijksbevestiging": null,
            "idhuwelijksgemeente": null,
            "dtmoverlijdensdatum": null,
            "idhuiskringlidrol": null,
            "dtmhuwelijksdatum": null,
            "idgeslacht": 2,
            "txttussenvoegsels": "",
            "boolaansprekenmetroepnaam": true,
            "txtemailadres": "",
            "txtdoopnaam": "",
            "txtachternaam": "Damen",
            "dtmgeboortedatum": "2008-08-31",
            "idgezinsrol": 3,
            "boolgastlidelders": false,
            "txtvoorletters": "E.",
            "dtmdatumvertrek": null,
            "dtmdatumonttrokken": null,
            "idgasthoofdgemeente": null,
            "idvertrokkennaargemeente": null,
            "idlidmaatschapvorm": 1,
            "idgastgemeente": null,
            "dtmdatumbelijdenis": null,
            "idbinnengekomenuitgemeente": null,
            "dtmdatumdoop": null,
            "txtroepnaam": "Els",
            "idlidmaatschapstatus": 1,
            "idwijk": null,
            "txtgeboorteplaats": "Utrecht",
            "idhuiskring": null,
            "iddoopgemeente": null,
            "txttelefoonnummer": "",
            "boolgeborennw": false,
            "boolgastlidnw": false,
            "dtmdatumbinnenkomst": null,
            "txtopmerking": ""
        }
    },
    {
        "pk": 298,
        "model": "KB.persoon",
        "fields": {
            "idbelijdenisgemeente": 113,
            "idgezin": 131,
            "dtmdatumhuwelijksbevestiging": null,
            "idhuwelijksgemeente": null,
            "dtmoverlijdensdatum": null,
            "idhuiskringlidrol": null,
            "dtmhuwelijksdatum": null,
            "idgeslacht": 2,
            "txttussenvoegsels": "van",
            "boolaansprekenmetroepnaam": true,
            "txtemailadres": "",
            "txtdoopnaam": "",
            "txtachternaam": "Disseldorp",
            "dtmgeboortedatum": "1975-10-18",
            "idgezinsrol": 1,
            "boolgastlidelders": false,
            "txtvoorletters": "J.",
            "dtmdatumvertrek": "2000-10-02",
            "dtmdatumonttrokken": null,
            "idgasthoofdgemeente": null,
            "idvertrokkennaargemeente": 223,
            "idlidmaatschapvorm": 2,
            "idgastgemeente": null,
            "dtmdatumbelijdenis": "1996-05-26",
            "idbinnengekomenuitgemeente": 113,
            "dtmdatumdoop": "1977-10-23",
            "txtroepnaam": "Joke",
            "idlidmaatschapstatus": 2,
            "idwijk": 11,
            "txtgeboorteplaats": "Groningen",
            "idhuiskring": null,
            "iddoopgemeente": 39,
            "txttelefoonnummer": "",
            "boolgeborennw": false,
            "boolgastlidnw": false,
            "dtmdatumbinnenkomst": "1997-02-02",
            "txtopmerking": ""
        }
    },
    {
        "pk": 1446,
        "model": "KB.persoon",
        "fields": {
            "idbelijdenisgemeente": 539,
            "idgezin": 941,
            "dtmdatumhuwelijksbevestiging": null,
            "idhuwelijksgemeente": null,
            "dtmoverlijdensdatum": null,
            "idhuiskringlidrol": null,
            "dtmhuwelijksdatum": null,
            "idgeslacht": 1,
            "txttussenvoegsels": "van",
            "boolaansprekenmetroepnaam": true,
            "txtemailadres": "",
            "txtdoopnaam": "",
            "txtachternaam": "Es",
            "dtmgeboortedatum": "1981-10-10",
            "idgezinsrol": 1,
            "boolgastlidelders": false,
            "txtvoorletters": "M.",
            "dtmdatumvertrek": null,
            "dtmdatumonttrokken": null,
            "idgasthoofdgemeente": null,
            "idvertrokkennaargemeente": null,
            "idlidmaatschapvorm": 2,
            "idgastgemeente": null,
            "dtmdatumbelijdenis": null,
            "idbinnengekomenuitgemeente": 539,
            "dtmdatumdoop": null,
            "txtroepnaam": "Martin",
            "idlidmaatschapstatus": 1,
            "idwijk": 8,
            "txtgeboorteplaats": "Rotterdam",
            "idhuiskring": 22,
            "iddoopgemeente": 539,
            "txttelefoonnummer": "06-15461245",
            "boolgeborennw": false,
            "boolgastlidnw": false,
            "dtmdatumbinnenkomst": "2010-11-07",
            "txtopmerking": ""
        }
    },
    {
        "pk": 263,
        "model": "KB.persoon",
        "fields": {
            "idbelijdenisgemeente": null,
            "idgezin": 119,
            "dtmdatumhuwelijksbevestiging": null,
            "idhuwelijksgemeente": null,
            "dtmoverlijdensdatum": "2000-03-05",
            "idhuiskringlidrol": null,
            "dtmhuwelijksdatum": null,
            "idgeslacht": 2,
            "txttussenvoegsels": "",
            "boolaansprekenmetroepnaam": false,
            "txtemailadres": "",
            "txtdoopnaam": "",
            "txtachternaam": "Fober",
            "dtmgeboortedatum": "1906-01-15",
            "idgezinsrol": 1,
            "boolgastlidelders": false,
            "txtvoorletters": "E.",
            "dtmdatumvertrek": null,
            "dtmdatumonttrokken": null,
            "idgasthoofdgemeente": null,
            "idvertrokkennaargemeente": null,
            "idlidmaatschapvorm": 2,
            "idgastgemeente": null,
            "dtmdatumbelijdenis": "1931-01-01",
            "idbinnengekomenuitgemeente": null,
            "dtmdatumdoop": "1906-01-28",
            "txtroepnaam": "Els",
            "idlidmaatschapstatus": 4,
            "idwijk": 11,
            "txtgeboorteplaats": "",
            "idhuiskring": null,
            "iddoopgemeente": null,
            "txttelefoonnummer": "",
            "boolgeborennw": false,
            "boolgastlidnw": false,
            "dtmdatumbinnenkomst": "1900-01-01",
            "txtopmerking": "\r\n"
        }
    },
    {
        "pk": 1063,
        "model": "KB.persoon",
        "fields": {
            "idbelijdenisgemeente": 160,
            "idgezin": 708,
            "dtmdatumhuwelijksbevestiging": "2006-07-07",
            "idhuwelijksgemeente": 476,
            "dtmoverlijdensdatum": null,
            "idhuiskringlidrol": null,
            "dtmhuwelijksdatum": "2006-07-07",
            "idgeslacht": 1,
            "txttussenvoegsels": "van",
            "boolaansprekenmetroepnaam": true,
            "txtemailadres": "",
            "txtdoopnaam": "",
            "txtachternaam": "Gastel",
            "dtmgeboortedatum": "1981-06-10",
            "idgezinsrol": 1,
            "boolgastlidelders": false,
            "txtvoorletters": "N.",
            "dtmdatumvertrek": null,
            "dtmdatumonttrokken": null,
            "idgasthoofdgemeente": null,
            "idvertrokkennaargemeente": null,
            "idlidmaatschapvorm": 2,
            "idgastgemeente": null,
            "dtmdatumbelijdenis": "2002-05-12",
            "idbinnengekomenuitgemeente": 160,
            "dtmdatumdoop": "1980-06-29",
            "txtroepnaam": "Nico",
            "idlidmaatschapstatus": 1,
            "idwijk": 8,
            "txtgeboorteplaats": "Vlissingen",
            "idhuiskring": 28,
            "iddoopgemeente": 160,
            "txttelefoonnummer": "06-12458765",
            "boolgeborennw": false,
            "boolgastlidnw": false,
            "dtmdatumbinnenkomst": "2007-09-25",
            "txtopmerking": "Op vakantie voor een paar maanden. Er zijn geen afspraken gemaakt.\r\n"
        }
    },
    {
        "pk": 1067,
        "model": "KB.persoon",
        "fields": {
            "idbelijdenisgemeente": 477,
            "idgezin": 708,
            "dtmdatumhuwelijksbevestiging": "2006-07-07",
            "idhuwelijksgemeente": 476,
            "dtmoverlijdensdatum": null,
            "idhuiskringlidrol": null,
            "dtmhuwelijksdatum": "2006-07-07",
            "idgeslacht": 2,
            "txttussenvoegsels": "van",
            "boolaansprekenmetroepnaam": true,
            "txtemailadres": "",
            "txtdoopnaam": "",
            "txtachternaam": "Gastel - van Wijk",
            "dtmgeboortedatum": "1982-12-11",
            "idgezinsrol": 2,
            "boolgastlidelders": false,
            "txtvoorletters": "S.",
            "dtmdatumvertrek": null,
            "dtmdatumonttrokken": null,
            "idgasthoofdgemeente": null,
            "idvertrokkennaargemeente": null,
            "idlidmaatschapvorm": 2,
            "idgastgemeente": null,
            "dtmdatumbelijdenis": "2005-05-15",
            "idbinnengekomenuitgemeente": 476,
            "dtmdatumdoop": "1985-02-03",
            "txtroepnaam": "Sijtske",
            "idlidmaatschapstatus": 1,
            "idwijk": 8,
            "txtgeboorteplaats": "Kampen",
            "idhuiskring": 28,
            "iddoopgemeente": 476,
            "txttelefoonnummer": "",
            "boolgeborennw": false,
            "boolgastlidnw": false,
            "dtmdatumbinnenkomst": "2007-09-25",
            "txtopmerking": ""
        }
    },
    {
        "pk": 340,
        "model": "KB.persoon",
        "fields": {
            "idbelijdenisgemeente": 285,
            "idgezin": 215,
            "dtmdatumhuwelijksbevestiging": null,
            "idhuwelijksgemeente": 285,
            "dtmoverlijdensdatum": "1998-08-03",
            "idhuiskringlidrol": null,
            "dtmhuwelijksdatum": "1948-10-07",
            "idgeslacht": 1,
            "txttussenvoegsels": "",
            "boolaansprekenmetroepnaam": false,
            "txtemailadres": "",
            "txtdoopnaam": "",
            "txtachternaam": "Hoekstra",
            "dtmgeboortedatum": "1922-03-13",
            "idgezinsrol": 2,
            "boolgastlidelders": false,
            "txtvoorletters": "J.",
            "dtmdatumvertrek": null,
            "dtmdatumonttrokken": null,
            "idgasthoofdgemeente": null,
            "idvertrokkennaargemeente": null,
            "idlidmaatschapvorm": 2,
            "idgastgemeente": null,
            "dtmdatumbelijdenis": "1946-11-03",
            "idbinnengekomenuitgemeente": null,
            "dtmdatumdoop": "1925-03-15",
            "txtroepnaam": "Johannes",
            "idlidmaatschapstatus": 4,
            "idwijk": 11,
            "txtgeboorteplaats": "Utrecht",
            "idhuiskring": null,
            "iddoopgemeente": 285,
            "txttelefoonnummer": "",
            "boolgeborennw": false,
            "boolgastlidnw": false,
            "dtmdatumbinnenkomst": "1900-01-01",
            "txtopmerking": ""
        }
    },
    {
        "pk": 269,
        "model": "KB.persoon",
        "fields": {
            "idbelijdenisgemeente": 285,
            "idgezin": 215,
            "dtmdatumhuwelijksbevestiging": null,
            "idhuwelijksgemeente": 285,
            "dtmoverlijdensdatum": "2010-05-30",
            "idhuiskringlidrol": null,
            "dtmhuwelijksdatum": "1948-10-07",
            "idgeslacht": 2,
            "txttussenvoegsels": "",
            "boolaansprekenmetroepnaam": false,
            "txtemailadres": "",
            "txtdoopnaam": "",
            "txtachternaam": "Hoekstra",
            "dtmgeboortedatum": "1922-10-03",
            "idgezinsrol": 1,
            "boolgastlidelders": false,
            "txtvoorletters": "F.",
            "dtmdatumvertrek": null,
            "dtmdatumonttrokken": null,
            "idgasthoofdgemeente": null,
            "idvertrokkennaargemeente": null,
            "idlidmaatschapvorm": 2,
            "idgastgemeente": null,
            "dtmdatumbelijdenis": "1947-06-29",
            "idbinnengekomenuitgemeente": null,
            "dtmdatumdoop": "1924-11-02",
            "txtroepnaam": "Froukje",
            "idlidmaatschapstatus": 4,
            "idwijk": 7,
            "txtgeboorteplaats": "Utrecht",
            "idhuiskring": 19,
            "iddoopgemeente": 1,
            "txttelefoonnummer": "",
            "boolgeborennw": false,
            "boolgastlidnw": false,
            "dtmdatumbinnenkomst": "1900-01-01",
            "txtopmerking": ""
        }
    },
    {
        "pk": 1399,
        "model": "KB.persoon",
        "fields": {
            "idbelijdenisgemeente": null,
            "idgezin": 922,
            "dtmdatumhuwelijksbevestiging": null,
            "idhuwelijksgemeente": null,
            "dtmoverlijdensdatum": null,
            "idhuiskringlidrol": null,
            "dtmhuwelijksdatum": null,
            "idgeslacht": 2,
            "txttussenvoegsels": "",
            "boolaansprekenmetroepnaam": true,
            "txtemailadres": "",
            "txtdoopnaam": "",
            "txtachternaam": "Janssen",
            "dtmgeboortedatum": "1989-04-04",
            "idgezinsrol": 1,
            "boolgastlidelders": false,
            "txtvoorletters": "D.",
            "dtmdatumvertrek": null,
            "dtmdatumonttrokken": null,
            "idgasthoofdgemeente": 315,
            "idvertrokkennaargemeente": null,
            "idlidmaatschapvorm": 3,
            "idgastgemeente": null,
            "dtmdatumbelijdenis": null,
            "idbinnengekomenuitgemeente": 315,
            "dtmdatumdoop": "1991-04-21",
            "txtroepnaam": "Dorieke",
            "idlidmaatschapstatus": 1,
            "idwijk": 2,
            "txtgeboorteplaats": "Vrouwenpolder",
            "idhuiskring": 4,
            "iddoopgemeente": 315,
            "txttelefoonnummer": "06-45123265",
            "boolgeborennw": false,
            "boolgastlidnw": false,
            "dtmdatumbinnenkomst": "2010-05-08",
            "txtopmerking": ""
        }
    },
    {
        "pk": 293,
        "model": "KB.persoon",
        "fields": {
            "idbelijdenisgemeente": null,
            "idgezin": 207,
            "dtmdatumhuwelijksbevestiging": null,
            "idhuwelijksgemeente": null,
            "dtmoverlijdensdatum": null,
            "idhuiskringlidrol": null,
            "dtmhuwelijksdatum": null,
            "idgeslacht": 2,
            "txttussenvoegsels": "",
            "boolaansprekenmetroepnaam": true,
            "txtemailadres": "",
            "txtdoopnaam": "Henny",
            "txtachternaam": "Kuiten",
            "dtmgeboortedatum": "1993-09-24",
            "idgezinsrol": 3,
            "boolgastlidelders": false,
            "txtvoorletters": "H.",
            "dtmdatumvertrek": null,
            "dtmdatumonttrokken": null,
            "idgasthoofdgemeente": null,
            "idvertrokkennaargemeente": null,
            "idlidmaatschapvorm": 1,
            "idgastgemeente": null,
            "dtmdatumbelijdenis": null,
            "idbinnengekomenuitgemeente": null,
            "dtmdatumdoop": "1991-10-06",
            "txtroepnaam": "Henny",
            "idlidmaatschapstatus": 1,
            "idwijk": 1,
            "txtgeboorteplaats": "Utrecht",
            "idhuiskring": 2,
            "iddoopgemeente": 97,
            "txttelefoonnummer": "",
            "boolgeborennw": false,
            "boolgastlidnw": false,
            "dtmdatumbinnenkomst": "1996-12-22",
            "txtopmerking": ""
        }
    },
    {
        "pk": 292,
        "model": "KB.persoon",
        "fields": {
            "idbelijdenisgemeente": 97,
            "idgezin": 207,
            "dtmdatumhuwelijksbevestiging": null,
            "idhuwelijksgemeente": null,
            "dtmoverlijdensdatum": null,
            "idhuiskringlidrol": null,
            "dtmhuwelijksdatum": "1989-09-27",
            "idgeslacht": 2,
            "txttussenvoegsels": "",
            "boolaansprekenmetroepnaam": true,
            "txtemailadres": "",
            "txtdoopnaam": "",
            "txtachternaam": "Kuiten-Brouwers",
            "dtmgeboortedatum": "1973-11-14",
            "idgezinsrol": 1,
            "boolgastlidelders": false,
            "txtvoorletters": "E.",
            "dtmdatumvertrek": null,
            "dtmdatumonttrokken": null,
            "idgasthoofdgemeente": null,
            "idvertrokkennaargemeente": null,
            "idlidmaatschapvorm": 6,
            "idgastgemeente": null,
            "dtmdatumbelijdenis": "1984-05-26",
            "idbinnengekomenuitgemeente": null,
            "dtmdatumdoop": "1961-12-17",
            "txtroepnaam": "Els",
            "idlidmaatschapstatus": 1,
            "idwijk": 1,
            "txtgeboorteplaats": "Harderwijk",
            "idhuiskring": 2,
            "iddoopgemeente": 45,
            "txttelefoonnummer": "",
            "boolgeborennw": false,
            "boolgastlidnw": false,
            "dtmdatumbinnenkomst": "1996-12-22",
            "txtopmerking": ""
        }
    },
    {
        "pk": 1304,
        "model": "KB.persoon",
        "fields": {
            "idbelijdenisgemeente": 125,
            "idgezin": 867,
            "dtmdatumhuwelijksbevestiging": "2009-10-10",
            "idhuwelijksgemeente": 157,
            "dtmoverlijdensdatum": null,
            "idhuiskringlidrol": null,
            "dtmhuwelijksdatum": "2009-10-10",
            "idgeslacht": 2,
            "txttussenvoegsels": "",
            "boolaansprekenmetroepnaam": true,
            "txtemailadres": "",
            "txtdoopnaam": "Ivonne",
            "txtachternaam": "Meurders",
            "dtmgeboortedatum": "1983-10-10",
            "idgezinsrol": 1,
            "boolgastlidelders": false,
            "txtvoorletters": "I.",
            "dtmdatumvertrek": null,
            "dtmdatumonttrokken": null,
            "idgasthoofdgemeente": null,
            "idvertrokkennaargemeente": null,
            "idlidmaatschapvorm": 2,
            "idgastgemeente": null,
            "dtmdatumbelijdenis": "2003-06-08",
            "idbinnengekomenuitgemeente": 125,
            "dtmdatumdoop": "1984-11-25",
            "txtroepnaam": "Ivonne",
            "idlidmaatschapstatus": 1,
            "idwijk": 1,
            "txtgeboorteplaats": "Gouda",
            "idhuiskring": 1,
            "iddoopgemeente": 125,
            "txttelefoonnummer": "06-20406578",
            "boolgeborennw": false,
            "boolgastlidnw": false,
            "dtmdatumbinnenkomst": "2009-07-31",
            "txtopmerking": ""
        }
    },
    {
        "pk": 1078,
        "model": "KB.persoon",
        "fields": {
            "idbelijdenisgemeente": null,
            "idgezin": 720,
            "dtmdatumhuwelijksbevestiging": null,
            "idhuwelijksgemeente": null,
            "dtmoverlijdensdatum": null,
            "idhuiskringlidrol": null,
            "dtmhuwelijksdatum": null,
            "idgeslacht": 1,
            "txttussenvoegsels": "",
            "boolaansprekenmetroepnaam": true,
            "txtemailadres": "",
            "txtdoopnaam": "",
            "txtachternaam": "Notermans",
            "dtmgeboortedatum": "1982-06-26",
            "idgezinsrol": 1,
            "boolgastlidelders": false,
            "txtvoorletters": "H.",
            "dtmdatumvertrek": "2008-04-22",
            "dtmdatumonttrokken": null,
            "idgasthoofdgemeente": null,
            "idvertrokkennaargemeente": 223,
            "idlidmaatschapvorm": 1,
            "idgastgemeente": null,
            "dtmdatumbelijdenis": null,
            "idbinnengekomenuitgemeente": 310,
            "dtmdatumdoop": "1985-06-09",
            "txtroepnaam": "Henk",
            "idlidmaatschapstatus": 2,
            "idwijk": 11,
            "txtgeboorteplaats": "Harderwijk",
            "idhuiskring": null,
            "iddoopgemeente": 44,
            "txttelefoonnummer": "",
            "boolgeborennw": false,
            "boolgastlidnw": false,
            "dtmdatumbinnenkomst": "2007-07-29",
            "txtopmerking": ""
        }
    },
    {
        "pk": 299,
        "model": "KB.persoon",
        "fields": {
            "idbelijdenisgemeente": 128,
            "idgezin": 95,
            "dtmdatumhuwelijksbevestiging": null,
            "idhuwelijksgemeente": null,
            "dtmoverlijdensdatum": null,
            "idhuiskringlidrol": null,
            "dtmhuwelijksdatum": null,
            "idgeslacht": 1,
            "txttussenvoegsels": "",
            "boolaansprekenmetroepnaam": true,
            "txtemailadres": "",
            "txtdoopnaam": "",
            "txtachternaam": "Vranken",
            "dtmgeboortedatum": "1971-12-10",
            "idgezinsrol": 1,
            "boolgastlidelders": false,
            "txtvoorletters": "C.",
            "dtmdatumvertrek": null,
            "dtmdatumonttrokken": "2003-12-14",
            "idgasthoofdgemeente": null,
            "idvertrokkennaargemeente": null,
            "idlidmaatschapvorm": 2,
            "idgastgemeente": null,
            "dtmdatumbelijdenis": "1993-05-30",
            "idbinnengekomenuitgemeente": null,
            "dtmdatumdoop": "1974-01-01",
            "txtroepnaam": "Carmen",
            "idlidmaatschapstatus": 3,
            "idwijk": 11,
            "txtgeboorteplaats": "Dalfsen",
            "idhuiskring": null,
            "iddoopgemeente": 128,
            "txttelefoonnummer": "",
            "boolgeborennw": false,
            "boolgastlidnw": false,
            "dtmdatumbinnenkomst": "1995-11-07",
            "txtopmerking": ""
        }
    }
]